feature,overall_missing_pct,non_default_missing_pct,default_missing_pct,missingness_difference_pct,abs_missingness_difference_pct
B_17_last,53.46857142857143,65.29156626506024,19.630344827586207,-45.66122143747403,45.66122143747403
B_17_mean,46.64142857142857,56.68240963855422,17.90344827586207,-38.77896136269215,38.77896136269215
D_53_last,70.83571428571429,80.1387951807229,44.20965517241379,-35.929140008309105,35.929140008309105
D_53_mean,68.40142857142857,77.31469879518073,42.89103448275862,-34.42366431242211,34.42366431242211
D_42_mean,75.36142857142856,82.79518072289157,54.08551724137931,-28.709663481512266,28.709663481512266
D_77_last,46.58857142857143,39.74361445783133,66.17931034482758,26.435695886996257,26.435695886996257
D_56_mean,46.85142857142857,40.3855421686747,65.35724137931035,24.971699210635656,24.971699210635656
D_56_last,53.38428571428572,47.35421686746988,70.64275862068966,23.288541753219782,23.288541753219782
R_26_mean,88.60428571428571,93.69831325301205,74.0248275862069,-19.67348566680515,19.67348566680515
R_26_last,88.63142857142857,93.71373493975904,74.0855172413793,-19.62821769837973,19.62821769837973
D_50_mean,54.34714285714286,49.92192771084337,67.01241379310345,17.090486082260078,17.090486082260078
D_50_last,57.27571428571429,53.06024096385542,69.34068965517241,16.28044869131699,16.28044869131699
D_43_last,29.208571428571428,33.420722891566264,17.15310344827586,-16.267619443290403,16.267619443290403
S_7_last,18.514285714285712,22.326746987951807,7.602758620689655,-14.723988367262152,14.723988367262152
S_3_last,18.514285714285712,22.326746987951807,7.602758620689655,-14.723988367262152,14.723988367262152
D_105_last,53.57142857142857,57.278072289156626,42.962758620689655,-14.31531366846697,14.31531366846697
S_27_mean,14.280000000000001,17.823614457831326,4.137931034482759,-13.685683423348568,13.685683423348568
D_42_last,87.03999999999999,90.5233734939759,77.07034482758621,-13.453028666389685,13.453028666389685
D_105_mean,48.54,51.99036144578313,38.6648275862069,-13.325533859576232,13.325533859576232
S_3_mean,12.35,15.726265060240962,2.686896551724138,-13.039368508516825,13.039368508516825
S_7_mean,12.35,15.726265060240962,2.686896551724138,-13.039368508516825,13.039368508516825
D_43_mean,22.49142857142857,25.50168674698795,13.875862068965517,-11.625824678022433,11.625824678022433
D_142_last,82.67,85.64048192771084,74.16827586206897,-11.47220606564187,11.47220606564187
D_142_mean,81.49142857142857,84.37204819277109,73.24689655172413,-11.125151641046955,11.125151641046955
D_62_last,12.79142857142857,15.637590361445783,4.645517241379311,-10.992073120066472,10.992073120066472
D_48_last,12.528571428571428,15.27710843373494,4.662068965517242,-10.615039468217699,10.615039468217699
D_46_last,20.76142857142857,23.498795180722894,12.926896551724138,-10.571898628998756,10.571898628998756
S_27_last,25.511428571428574,28.14457831325301,17.975172413793103,-10.169405899459907,10.169405899459907
D_61_last,10.331428571428573,12.940722891566264,2.863448275862069,-10.077274615704194,10.077274615704194
D_76_mean,88.01285714285714,85.49397590361446,95.22206896551724,9.728093061902783,9.728093061902783
D_76_last,89.42428571428572,87.16915662650602,95.87862068965516,8.709464063149142,8.709464063149142
D_46_mean,17.44571428571429,19.4544578313253,11.696551724137931,-7.7579061071873685,7.7579061071873685
D_77_mean,19.612857142857145,17.63277108433735,25.28,7.647228915662652,7.647228915662652
S_9_mean,31.69,33.45927710843373,26.626206896551725,-6.833070211882006,6.833070211882006
D_82_mean,72.88714285714286,71.22506024096386,77.64413793103448,6.419077690070623,6.419077690070623
D_82_last,74.57142857142857,73.0467469879518,78.93517241379311,5.888425425841305,5.888425425841305
D_62_mean,6.5614285714285705,7.944096385542168,2.6041379310344825,-5.339958454507686,5.339958454507686
D_61_mean,4.591428571428572,5.752289156626507,1.2689655172413792,-4.4833236393851275,4.4833236393851275
D_48_mean,6.258571428571429,7.367710843373494,3.084137931034483,-4.283572912339011,4.283572912339011
D_66_last,88.50285714285714,87.41975903614457,91.60275862068966,4.182999584545087,4.182999584545087
D_55_last,6.578571428571428,7.577831325301204,3.718620689655172,-3.8592106356460323,3.8592106356460323
D_66_mean,86.9857142857143,86.14168674698796,89.40137931034484,3.2596925633568787,3.2596925633568787
R_27_mean,5.87,5.156626506024097,7.911724137931034,2.7550976319069376,2.7550976319069376
R_27_last,6.247142857142857,5.559518072289157,8.215172413793104,2.655654341503947,2.655654341503947
S_9_last,40.04,40.726746987951806,38.07448275862069,-2.6522642293311165,2.6522642293311165
P_3_mean,4.6657142857142855,4.16,6.1131034482758615,1.9531034482758614,1.9531034482758614
P_3_last,4.8585714285714285,4.385542168674699,6.212413793103448,1.8268716244287493,1.8268716244287493
D_91_mean,2.752857142857143,2.411566265060241,3.7296551724137936,1.3180889073535527,1.3180889073535527
D_91_last,2.755714285714286,2.415421686746988,3.7296551724137936,1.3142334856668056,1.3142334856668056
D_44_mean,3.8142857142857145,4.119518072289156,2.9406896551724135,-1.1788284171167427,1.1788284171167427
D_78_mean,3.8142857142857145,4.119518072289156,2.9406896551724135,-1.1788284171167427,1.1788284171167427
D_78_last,4.854285714285714,5.046746987951807,4.30344827586207,-0.7432987120897376,0.7432987120897376
D_44_last,4.854285714285714,5.046746987951807,4.30344827586207,-0.7432987120897376,0.7432987120897376
S_25_last,0.26285714285714284,0.07518072289156627,0.8,0.7248192771084337,0.7248192771084337
D_68_mean,1.1485714285714286,1.0351807228915662,1.473103448275862,0.4379227253842959,0.4379227253842959
D_117_mean,1.0542857142857143,0.9465060240963855,1.3627586206896551,0.41625259659326963,0.41625259659326963
D_118_mean,1.0542857142857143,0.9465060240963855,1.3627586206896551,0.41625259659326963,0.41625259659326963
D_119_mean,1.0542857142857143,0.9465060240963855,1.3627586206896551,0.41625259659326963,0.41625259659326963
D_120_mean,1.0542857142857143,0.9465060240963855,1.3627586206896551,0.41625259659326963,0.41625259659326963
D_123_mean,1.0542857142857143,0.9465060240963855,1.3627586206896551,0.41625259659326963,0.41625259659326963
D_125_mean,1.0542857142857143,0.9465060240963855,1.3627586206896551,0.41625259659326963,0.41625259659326963
D_122_mean,1.0542857142857143,0.9465060240963855,1.3627586206896551,0.41625259659326963,0.41625259659326963
D_124_mean,1.0542857142857143,0.9465060240963855,1.3627586206896551,0.41625259659326963,0.41625259659326963
D_121_mean,1.0542857142857143,0.9465060240963855,1.3627586206896551,0.41625259659326963,0.41625259659326963
D_114_mean,1.0542857142857143,0.9465060240963855,1.3627586206896551,0.41625259659326963,0.41625259659326963
D_116_mean,1.0542857142857143,0.9465060240963855,1.3627586206896551,0.41625259659326963,0.41625259659326963
D_113_mean,1.0542857142857143,0.9465060240963855,1.3627586206896551,0.41625259659326963,0.41625259659326963
D_115_mean,1.0542857142857143,0.9465060240963855,1.3627586206896551,0.41625259659326963,0.41625259659326963
D_69_mean,1.0628571428571427,0.956144578313253,1.3682758620689657,0.41213128375571273,0.41213128375571273
D_83_mean,1.0628571428571427,0.956144578313253,1.3682758620689657,0.41213128375571273,0.41213128375571273
D_68_last,1.9514285714285713,1.8544578313253013,2.228965517241379,0.37450768591607786,0.37450768591607786
P_2_last,0.6814285714285715,0.7710843373493975,0.4248275862068966,-0.34625675114250093,0.34625675114250093
S_22_last,0.3771428571428571,0.4626506024096385,0.13241379310344828,-0.33023680930619026,0.33023680930619026
S_24_last,0.36857142857142855,0.45108433734939757,0.13241379310344828,-0.3186705442459493,0.3186705442459493
D_83_last,1.4157142857142857,1.3397590361445784,1.633103448275862,0.2933444121312836,0.2933444121312836
D_69_last,1.4157142857142857,1.3397590361445784,1.633103448275862,0.2933444121312836,0.2933444121312836
P_2_mean,0.5357142857142857,0.6091566265060241,0.3255172413793103,-0.28363938512671377,0.28363938512671377
B_8_last,0.8585714285714285,0.7903614457831325,1.053793103448276,0.2634316576651434,0.2634316576651434
D_107_mean,0.5757142857142857,0.636144578313253,0.4027586206896552,-0.23338595762359782,0.23338595762359782
D_103_mean,0.5757142857142857,0.636144578313253,0.4027586206896552,-0.23338595762359782,0.23338595762359782
D_131_mean,0.5757142857142857,0.636144578313253,0.4027586206896552,-0.23338595762359782,0.23338595762359782
D_139_mean,0.5757142857142857,0.636144578313253,0.4027586206896552,-0.23338595762359782,0.23338595762359782
D_141_mean,0.5757142857142857,0.636144578313253,0.4027586206896552,-0.23338595762359782,0.23338595762359782
D_143_mean,0.5757142857142857,0.636144578313253,0.4027586206896552,-0.23338595762359782,0.23338595762359782
D_128_mean,0.5757142857142857,0.636144578313253,0.4027586206896552,-0.23338595762359782,0.23338595762359782
D_129_mean,0.5757142857142857,0.636144578313253,0.4027586206896552,-0.23338595762359782,0.23338595762359782
D_130_mean,0.5757142857142857,0.636144578313253,0.4027586206896552,-0.23338595762359782,0.23338595762359782
D_145_mean,0.5757142857142857,0.636144578313253,0.4027586206896552,-0.23338595762359782,0.23338595762359782
D_104_mean,0.5757142857142857,0.636144578313253,0.4027586206896552,-0.23338595762359782,0.23338595762359782
D_79_mean,0.5671428571428572,0.6265060240963854,0.39724137931034487,-0.22926464478604058,0.22926464478604058
D_130_last,0.6357142857142857,0.6939759036144578,0.46896551724137936,-0.22501038637307846,0.22501038637307846
D_128_last,0.6357142857142857,0.6939759036144578,0.46896551724137936,-0.22501038637307846,0.22501038637307846
D_145_last,0.6357142857142857,0.6939759036144578,0.46896551724137936,-0.22501038637307846,0.22501038637307846
D_139_last,0.6357142857142857,0.6939759036144578,0.46896551724137936,-0.22501038637307846,0.22501038637307846
D_131_last,0.6357142857142857,0.6939759036144578,0.46896551724137936,-0.22501038637307846,0.22501038637307846
D_141_last,0.6357142857142857,0.6939759036144578,0.46896551724137936,-0.22501038637307846,0.22501038637307846
D_104_last,0.6357142857142857,0.6939759036144578,0.46896551724137936,-0.22501038637307846,0.22501038637307846
D_107_last,0.6357142857142857,0.6939759036144578,0.46896551724137936,-0.22501038637307846,0.22501038637307846
D_129_last,0.6357142857142857,0.6939759036144578,0.46896551724137936,-0.22501038637307846,0.22501038637307846
D_103_last,0.6357142857142857,0.6939759036144578,0.46896551724137936,-0.22501038637307846,0.22501038637307846
D_143_last,0.6357142857142857,0.6939759036144578,0.46896551724137936,-0.22501038637307846,0.22501038637307846
D_118_last,1.3357142857142856,1.28,1.4951724137931035,0.21517241379310348,0.21517241379310348
D_125_last,1.3357142857142856,1.28,1.4951724137931035,0.21517241379310348,0.21517241379310348
D_119_last,1.3357142857142856,1.28,1.4951724137931035,0.21517241379310348,0.21517241379310348
D_114_last,1.3357142857142856,1.28,1.4951724137931035,0.21517241379310348,0.21517241379310348
D_116_last,1.3357142857142856,1.28,1.4951724137931035,0.21517241379310348,0.21517241379310348
D_117_last,1.3357142857142856,1.28,1.4951724137931035,0.21517241379310348,0.21517241379310348
D_124_last,1.3357142857142856,1.28,1.4951724137931035,0.21517241379310348,0.21517241379310348
D_121_last,1.3357142857142856,1.28,1.4951724137931035,0.21517241379310348,0.21517241379310348
D_120_last,1.3357142857142856,1.28,1.4951724137931035,0.21517241379310348,0.21517241379310348
D_123_last,1.3357142857142856,1.28,1.4951724137931035,0.21517241379310348,0.21517241379310348
D_122_last,1.3357142857142856,1.28,1.4951724137931035,0.21517241379310348,0.21517241379310348
D_113_last,1.3357142857142856,1.28,1.4951724137931035,0.21517241379310348,0.21517241379310348
D_115_last,1.3357142857142856,1.28,1.4951724137931035,0.21517241379310348,0.21517241379310348
D_79_last,0.6185714285714285,0.6727710843373493,0.46344827586206894,-0.2093228084752804,0.2093228084752804
B_8_mean,0.64,0.5860240963855422,0.7944827586206897,0.20845866223514753,0.20845866223514753
B_13_mean,0.35714285714285715,0.3103614457831325,0.49103448275862066,0.18067303697548814,0.18067303697548814
B_13_last,0.35714285714285715,0.3103614457831325,0.49103448275862066,0.18067303697548814,0.18067303697548814
D_84_last,0.2914285714285714,0.3373493975903614,0.16,-0.17734939759036142,0.17734939759036142
D_89_last,0.2914285714285714,0.3373493975903614,0.16,-0.17734939759036142,0.17734939759036142
D_52_last,0.2914285714285714,0.3373493975903614,0.16,-0.17734939759036142,0.17734939759036142
D_72_last,0.2842857142857143,0.3296385542168675,0.15448275862068966,-0.17515579559617783,0.17515579559617783
D_81_last,0.2842857142857143,0.327710843373494,0.16,-0.16771084337349398,0.16771084337349398
D_59_last,0.9214285714285715,0.8828915662650603,1.0317241379310345,0.1488325716659742,0.1488325716659742
D_80_mean,0.3514285714285714,0.3893975903614458,0.24275862068965517,-0.1466389696717906,0.1466389696717906
D_74_mean,0.3514285714285714,0.3893975903614458,0.24275862068965517,-0.1466389696717906,0.1466389696717906
D_84_mean,0.26,0.29686746987951806,0.15448275862068966,-0.1423847112588284,0.1423847112588284
D_52_mean,0.26,0.29686746987951806,0.15448275862068966,-0.1423847112588284,0.1423847112588284
D_89_mean,0.26,0.29686746987951806,0.15448275862068966,-0.1423847112588284,0.1423847112588284
D_72_mean,0.2542857142857143,0.2910843373493976,0.14896551724137932,-0.14211882010801827,0.14211882010801827
D_80_last,0.36714285714285716,0.4028915662650602,0.26482758620689656,-0.13806398005816362,0.13806398005816362
D_74_last,0.36714285714285716,0.4028915662650602,0.26482758620689656,-0.13806398005816362,0.13806398005816362
B_15_mean,0.13714285714285715,0.16963855421686747,0.044137931034482755,-0.1255006231823847,0.1255006231823847
B_25_mean,0.13714285714285715,0.16963855421686747,0.044137931034482755,-0.1255006231823847,0.1255006231823847
B_25_last,0.13857142857142857,0.16963855421686747,0.04965517241379311,-0.11998338180307436,0.11998338180307436
B_15_last,0.13857142857142857,0.16963855421686747,0.04965517241379311,-0.11998338180307436,0.11998338180307436
D_81_mean,0.21142857142857144,0.23903614457831324,0.13241379310344828,-0.10662235147486496,0.10662235147486496
D_59_mean,0.8571428571428572,0.8385542168674699,0.9103448275862069,0.07179061071873705,0.07179061071873705
D_70_mean,0.9157142857142857,0.9060240963855422,0.943448275862069,0.037424179476526875,0.037424179476526875
D_70_last,0.9242857142857143,0.9156626506024097,0.9489655172413793,0.03330286663896964,0.03330286663896964
D_55_mean,0.5514285714285715,0.5590361445783133,0.5296551724137931,-0.02938097216452018,0.02938097216452018
S_23_last,0.012857142857142857,0.005783132530120482,0.03310344827586207,0.027320315745741588,0.027320315745741588
S_24_mean,0.025714285714285714,0.030843373493975906,0.011034482758620689,-0.019808890735355217,0.019808890735355217
S_22_mean,0.025714285714285714,0.030843373493975906,0.011034482758620689,-0.019808890735355217,0.019808890735355217
B_19_mean,0.004285714285714286,0.001927710843373494,0.011034482758620689,0.009106771915247195,0.009106771915247195
B_20_mean,0.004285714285714286,0.001927710843373494,0.011034482758620689,0.009106771915247195,0.009106771915247195
B_22_mean,0.004285714285714286,0.001927710843373494,0.011034482758620689,0.009106771915247195,0.009106771915247195
B_38_last,0.004285714285714286,0.001927710843373494,0.011034482758620689,0.009106771915247195,0.009106771915247195
D_109_last,0.004285714285714286,0.001927710843373494,0.011034482758620689,0.009106771915247195,0.009106771915247195
D_54_mean,0.004285714285714286,0.001927710843373494,0.011034482758620689,0.009106771915247195,0.009106771915247195
D_112_last,0.004285714285714286,0.001927710843373494,0.011034482758620689,0.009106771915247195,0.009106771915247195
B_16_last,0.004285714285714286,0.001927710843373494,0.011034482758620689,0.009106771915247195,0.009106771915247195
B_30_last,0.004285714285714286,0.001927710843373494,0.011034482758620689,0.009106771915247195,0.009106771915247195
B_33_last,0.004285714285714286,0.001927710843373494,0.011034482758620689,0.009106771915247195,0.009106771915247195
B_16_mean,0.004285714285714286,0.001927710843373494,0.011034482758620689,0.009106771915247195,0.009106771915247195
B_26_mean,0.004285714285714286,0.001927710843373494,0.011034482758620689,0.009106771915247195,0.009106771915247195
B_27_last,0.004285714285714286,0.001927710843373494,0.011034482758620689,0.009106771915247195,0.009106771915247195
B_27_mean,0.004285714285714286,0.001927710843373494,0.011034482758620689,0.009106771915247195,0.009106771915247195
B_19_last,0.004285714285714286,0.001927710843373494,0.011034482758620689,0.009106771915247195,0.009106771915247195
B_26_last,0.004285714285714286,0.001927710843373494,0.011034482758620689,0.009106771915247195,0.009106771915247195
D_54_last,0.004285714285714286,0.001927710843373494,0.011034482758620689,0.009106771915247195,0.009106771915247195
B_22_last,0.004285714285714286,0.001927710843373494,0.011034482758620689,0.009106771915247195,0.009106771915247195
B_30_mean,0.004285714285714286,0.001927710843373494,0.011034482758620689,0.009106771915247195,0.009106771915247195
B_33_mean,0.004285714285714286,0.001927710843373494,0.011034482758620689,0.009106771915247195,0.009106771915247195
B_20_last,0.004285714285714286,0.001927710843373494,0.011034482758620689,0.009106771915247195,0.009106771915247195
B_38_mean,0.004285714285714286,0.001927710843373494,0.011034482758620689,0.009106771915247195,0.009106771915247195
D_112_mean,0.004285714285714286,0.001927710843373494,0.011034482758620689,0.009106771915247195,0.009106771915247195
D_109_mean,0.004285714285714286,0.001927710843373494,0.011034482758620689,0.009106771915247195,0.009106771915247195
D_45_last,0.004285714285714286,0.001927710843373494,0.011034482758620689,0.009106771915247195,0.009106771915247195
D_41_last,0.004285714285714286,0.001927710843373494,0.011034482758620689,0.009106771915247195,0.009106771915247195
B_2_last,0.004285714285714286,0.001927710843373494,0.011034482758620689,0.009106771915247195,0.009106771915247195
B_3_last,0.004285714285714286,0.001927710843373494,0.011034482758620689,0.009106771915247195,0.009106771915247195
D_45_mean,0.004285714285714286,0.001927710843373494,0.011034482758620689,0.009106771915247195,0.009106771915247195
B_3_mean,0.004285714285714286,0.001927710843373494,0.011034482758620689,0.009106771915247195,0.009106771915247195
D_41_mean,0.004285714285714286,0.001927710843373494,0.011034482758620689,0.009106771915247195,0.009106771915247195
B_2_mean,0.004285714285714286,0.001927710843373494,0.011034482758620689,0.009106771915247195,0.009106771915247195
S_25_mean,0.01,0.007710843373493976,0.016551724137931035,0.008840880764437058,0.008840880764437058
B_6_last,0.0071428571428571435,0.005783132530120482,0.011034482758620689,0.005251350228500207,0.005251350228500207
B_6_mean,0.0071428571428571435,0.005783132530120482,0.011034482758620689,0.005251350228500207,0.005251350228500207
D_39_mean,0.0,0.0,0.0,0.0,0.0
B_5_mean,0.0,0.0,0.0,0.0,0.0
R_2_mean,0.0,0.0,0.0,0.0,0.0
R_1_mean,0.0,0.0,0.0,0.0,0.0
B_1_mean,0.0,0.0,0.0,0.0,0.0
B_41_last,0.0,0.0,0.0,0.0,0.0
D_133_last,0.0,0.0,0.0,0.0,0.0
R_28_last,0.0,0.0,0.0,0.0,0.0
D_140_last,0.0,0.0,0.0,0.0,0.0
D_144_last,0.0,0.0,0.0,0.0,0.0
R_28_mean,0.0,0.0,0.0,0.0,0.0
D_126_last,0.0,0.0,0.0,0.0,0.0
B_4_mean,0.0,0.0,0.0,0.0,0.0
D_144_mean,0.0,0.0,0.0,0.0,0.0
D_39_last,0.0,0.0,0.0,0.0,0.0
R_1_last,0.0,0.0,0.0,0.0,0.0
B_1_last,0.0,0.0,0.0,0.0,0.0
D_127_mean,0.0,0.0,0.0,0.0,0.0
B_41_mean,0.0,0.0,0.0,0.0,0.0
D_133_mean,0.0,0.0,0.0,0.0,0.0
D_126_mean,0.0,0.0,0.0,0.0,0.0
B_4_last,0.0,0.0,0.0,0.0,0.0
B_5_last,0.0,0.0,0.0,0.0,0.0
R_2_last,0.0,0.0,0.0,0.0,0.0
D_47_last,0.0,0.0,0.0,0.0,0.0
B_7_last,0.0,0.0,0.0,0.0,0.0
D_51_last,0.0,0.0,0.0,0.0,0.0
D_140_mean,0.0,0.0,0.0,0.0,0.0
D_127_last,0.0,0.0,0.0,0.0,0.0
B_36_mean,0.0,0.0,0.0,0.0,0.0
B_9_last,0.0,0.0,0.0,0.0,0.0
R_3_last,0.0,0.0,0.0,0.0,0.0
B_37_mean,0.0,0.0,0.0,0.0,0.0
S_5_last,0.0,0.0,0.0,0.0,0.0
B_11_last,0.0,0.0,0.0,0.0,0.0
S_6_last,0.0,0.0,0.0,0.0,0.0
B_40_mean,0.0,0.0,0.0,0.0,0.0
B_12_last,0.0,0.0,0.0,0.0,0.0
S_8_last,0.0,0.0,0.0,0.0,0.0
R_23_mean,0.0,0.0,0.0,0.0,0.0
D_92_mean,0.0,0.0,0.0,0.0,0.0
D_93_mean,0.0,0.0,0.0,0.0,0.0
D_94_mean,0.0,0.0,0.0,0.0,0.0
R_24_mean,0.0,0.0,0.0,0.0,0.0
B_10_last,0.0,0.0,0.0,0.0,0.0
R_25_mean,0.0,0.0,0.0,0.0,0.0
D_96_mean,0.0,0.0,0.0,0.0,0.0
S_23_mean,0.0,0.0,0.0,0.0,0.0
S_26_mean,0.0,0.0,0.0,0.0,0.0
D_102_mean,0.0,0.0,0.0,0.0,0.0
R_5_last,0.0,0.0,0.0,0.0,0.0
D_58_last,0.0,0.0,0.0,0.0,0.0
B_14_last,0.0,0.0,0.0,0.0,0.0
D_60_last,0.0,0.0,0.0,0.0,0.0
S_11_last,0.0,0.0,0.0,0.0,0.0
D_65_last,0.0,0.0,0.0,0.0,0.0
B_18_last,0.0,0.0,0.0,0.0,0.0
S_12_last,0.0,0.0,0.0,0.0,0.0
R_6_last,0.0,0.0,0.0,0.0,0.0
S_13_last,0.0,0.0,0.0,0.0,0.0
R_4_last,0.0,0.0,0.0,0.0,0.0
D_71_last,0.0,0.0,0.0,0.0,0.0
S_15_last,0.0,0.0,0.0,0.0,0.0
B_23_last,0.0,0.0,0.0,0.0,0.0
P_4_last,0.0,0.0,0.0,0.0,0.0
D_75_last,0.0,0.0,0.0,0.0,0.0
R_16_mean,0.0,0.0,0.0,0.0,0.0
S_18_mean,0.0,0.0,0.0,0.0,0.0
D_86_mean,0.0,0.0,0.0,0.0,0.0
R_17_mean,0.0,0.0,0.0,0.0,0.0
R_18_mean,0.0,0.0,0.0,0.0,0.0
B_31_mean,0.0,0.0,0.0,0.0,0.0
S_19_mean,0.0,0.0,0.0,0.0,0.0
R_19_mean,0.0,0.0,0.0,0.0,0.0
B_32_mean,0.0,0.0,0.0,0.0,0.0
S_20_mean,0.0,0.0,0.0,0.0,0.0
R_20_mean,0.0,0.0,0.0,0.0,0.0
R_21_mean,0.0,0.0,0.0,0.0,0.0
R_22_mean,0.0,0.0,0.0,0.0,0.0
B_24_last,0.0,0.0,0.0,0.0,0.0
R_7_last,0.0,0.0,0.0,0.0,0.0
R_8_last,0.0,0.0,0.0,0.0,0.0
S_16_last,0.0,0.0,0.0,0.0,0.0
R_10_last,0.0,0.0,0.0,0.0,0.0
R_11_last,0.0,0.0,0.0,0.0,0.0
R_8_mean,0.0,0.0,0.0,0.0,0.0
S_16_mean,0.0,0.0,0.0,0.0,0.0
R_10_mean,0.0,0.0,0.0,0.0,0.0
R_11_mean,0.0,0.0,0.0,0.0,0.0
S_17_mean,0.0,0.0,0.0,0.0,0.0
R_12_mean,0.0,0.0,0.0,0.0,0.0
B_28_mean,0.0,0.0,0.0,0.0,0.0
B_21_last,0.0,0.0,0.0,0.0,0.0
R_13_mean,0.0,0.0,0.0,0.0,0.0
R_14_mean,0.0,0.0,0.0,0.0,0.0
S_17_last,0.0,0.0,0.0,0.0,0.0
R_15_mean,0.0,0.0,0.0,0.0,0.0
B_28_last,0.0,0.0,0.0,0.0,0.0
R_13_last,0.0,0.0,0.0,0.0,0.0
R_14_last,0.0,0.0,0.0,0.0,0.0
R_12_last,0.0,0.0,0.0,0.0,0.0
R_16_last,0.0,0.0,0.0,0.0,0.0
S_18_last,0.0,0.0,0.0,0.0,0.0
D_86_last,0.0,0.0,0.0,0.0,0.0
R_17_last,0.0,0.0,0.0,0.0,0.0
R_18_last,0.0,0.0,0.0,0.0,0.0
B_31_last,0.0,0.0,0.0,0.0,0.0
S_19_last,0.0,0.0,0.0,0.0,0.0
R_15_last,0.0,0.0,0.0,0.0,0.0
B_32_last,0.0,0.0,0.0,0.0,0.0
S_20_last,0.0,0.0,0.0,0.0,0.0
R_20_last,0.0,0.0,0.0,0.0,0.0
R_21_last,0.0,0.0,0.0,0.0,0.0
R_22_last,0.0,0.0,0.0,0.0,0.0
R_23_last,0.0,0.0,0.0,0.0,0.0
D_92_last,0.0,0.0,0.0,0.0,0.0
D_93_last,0.0,0.0,0.0,0.0,0.0
D_94_last,0.0,0.0,0.0,0.0,0.0
R_24_last,0.0,0.0,0.0,0.0,0.0
R_25_last,0.0,0.0,0.0,0.0,0.0
D_96_last,0.0,0.0,0.0,0.0,0.0
D_71_mean,0.0,0.0,0.0,0.0,0.0
S_15_mean,0.0,0.0,0.0,0.0,0.0
B_23_mean,0.0,0.0,0.0,0.0,0.0
R_19_last,0.0,0.0,0.0,0.0,0.0
P_4_mean,0.0,0.0,0.0,0.0,0.0
D_75_mean,0.0,0.0,0.0,0.0,0.0
R_7_mean,0.0,0.0,0.0,0.0,0.0
B_24_mean,0.0,0.0,0.0,0.0,0.0
D_65_mean,0.0,0.0,0.0,0.0,0.0
B_18_mean,0.0,0.0,0.0,0.0,0.0
S_12_mean,0.0,0.0,0.0,0.0,0.0
S_11_mean,0.0,0.0,0.0,0.0,0.0
S_13_mean,0.0,0.0,0.0,0.0,0.0
B_21_mean,0.0,0.0,0.0,0.0,0.0
S_26_last,0.0,0.0,0.0,0.0,0.0
D_102_last,0.0,0.0,0.0,0.0,0.0
B_36_last,0.0,0.0,0.0,0.0,0.0
B_37_last,0.0,0.0,0.0,0.0,0.0
R_4_mean,0.0,0.0,0.0,0.0,0.0
R_6_mean,0.0,0.0,0.0,0.0,0.0
B_12_mean,0.0,0.0,0.0,0.0,0.0
S_8_mean,0.0,0.0,0.0,0.0,0.0
D_58_mean,0.0,0.0,0.0,0.0,0.0
R_5_mean,0.0,0.0,0.0,0.0,0.0
B_14_mean,0.0,0.0,0.0,0.0,0.0
D_60_mean,0.0,0.0,0.0,0.0,0.0
D_47_mean,0.0,0.0,0.0,0.0,0.0
B_7_mean,0.0,0.0,0.0,0.0,0.0
D_51_mean,0.0,0.0,0.0,0.0,0.0
B_9_mean,0.0,0.0,0.0,0.0,0.0
R_3_mean,0.0,0.0,0.0,0.0,0.0
B_10_mean,0.0,0.0,0.0,0.0,0.0
S_5_mean,0.0,0.0,0.0,0.0,0.0
B_11_mean,0.0,0.0,0.0,0.0,0.0
S_6_mean,0.0,0.0,0.0,0.0,0.0
B_40_last,0.0,0.0,0.0,0.0,0.0
