feature,correlation,abs_correlation
P_2_last,-0.6696066888460704,0.6696066888460704
P_2_mean,-0.6305468110469493,0.6305468110469493
D_48_last,0.6130371284747407,0.6130371284747407
D_48_mean,0.5808605986644286,0.5808605986644286
B_2_last,-0.5556994083238341,0.5556994083238341
D_61_last,0.5500977011272637,0.5500977011272637
B_9_last,0.5453970025170816,0.5453970025170816
B_18_last,-0.544923753789195,0.544923753789195
D_55_last,0.5389796326381072,0.5389796326381072
D_61_mean,0.5335643409512416,0.5335643409512416
B_2_mean,-0.5315792331565302,0.5315792331565302
D_44_last,0.5298980778592359,0.5298980778592359
B_9_mean,0.5270666787404563,0.5270666787404563
R_1_mean,0.5234693126056166,0.5234693126056166
B_33_last,-0.5196325073786958,0.5196325073786958
B_18_mean,-0.5108634083813198,0.5108634083813198
B_33_mean,-0.5058747466626281,0.5058747466626281
B_3_last,0.5049284002839365,0.5049284002839365
D_75_last,0.5025906594784924,0.5025906594784924
D_58_last,0.5019351895303533,0.5019351895303533
B_7_last,0.500799372923155,0.500799372923155
B_23_last,0.49396291110157375,0.49396291110157375
D_44_mean,0.4875436260485558,0.4875436260485558
R_1_last,0.4730406640275101,0.4730406640275101
B_16_last,0.4667092397879819,0.4667092397879819
D_74_last,0.46439669806839623,0.46439669806839623
B_4_last,0.463597232416742,0.463597232416742
D_75_mean,0.459013060198012,0.459013060198012
B_20_last,0.457174472137561,0.457174472137561
D_58_mean,0.4556341455694021,0.4556341455694021
B_19_last,0.4526169370292474,0.4526169370292474
B_38_last,0.45181764434490584,0.45181764434490584
B_7_mean,0.4464673010410469,0.4464673010410469
B_1_last,0.4463987099309807,0.4463987099309807
B_37_last,0.44385159932987195,0.44385159932987195
B_30_mean,0.44379375876275695,0.44379375876275695
D_55_mean,0.4391005385115022,0.4391005385115022
B_3_mean,0.4354080872465581,0.4354080872465581
B_23_mean,0.43511837512636753,0.43511837512636753
D_74_mean,0.4238125129185092,0.4238125129185092
B_11_last,0.423535229139033,0.423535229139033
R_2_last,0.41845948041294007,0.41845948041294007
B_22_mean,0.4170086642560225,0.4170086642560225
R_10_mean,0.41402466036005175,0.41402466036005175
B_17_mean,0.41167054673860404,0.41167054673860404
B_4_mean,0.4061195385514301,0.4061195385514301
B_38_mean,0.40338623105821714,0.40338623105821714
B_22_last,0.40245818099181435,0.40245818099181435
B_1_mean,0.40204030753407066,0.40204030753407066
B_37_mean,0.4000158716181047,0.4000158716181047
B_30_last,0.3914150780230791,0.3914150780230791
B_19_mean,0.3902797277990834,0.3902797277990834
R_2_mean,0.38426849943777397,0.38426849943777397
B_11_mean,0.3794493561532724,0.3794493561532724
D_77_mean,-0.37936588987513387,0.37936588987513387
P_3_mean,-0.3789470704796239,0.3789470704796239
B_16_mean,0.3785341325733749,0.3785341325733749
D_62_mean,-0.3768700937848996,0.3768700937848996
B_20_mean,0.37631583296216226,0.37631583296216226
D_41_last,0.3713251143293481,0.3713251143293481
D_62_last,-0.36891185164060264,0.36891185164060264
S_7_mean,0.3682433331730061,0.3682433331730061
S_3_mean,0.3623777976597709,0.3623777976597709
R_4_mean,0.36197766493498834,0.36197766493498834
D_70_mean,0.35601503236200593,0.35601503236200593
D_78_mean,0.3527615451083824,0.3527615451083824
D_78_last,0.350691264709455,0.350691264709455
R_4_last,0.3502157477878464,0.3502157477878464
S_25_mean,-0.34929347513906833,0.34929347513906833
P_3_last,-0.3478081583624267,0.3478081583624267
R_3_mean,0.34774512174149463,0.34774512174149463
D_112_last,-0.34481756483161646,0.34481756483161646
S_7_last,0.3435821963405304,0.3435821963405304
S_3_last,0.33979722646920757,0.33979722646920757
B_8_mean,0.33802769897163537,0.33802769897163537
D_43_mean,0.33660605021045537,0.33660605021045537
D_39_last,0.33598932753083033,0.33598932753083033
D_77_last,-0.33536168485503004,0.33536168485503004
B_17_last,0.33071646881117295,0.33071646881117295
D_70_last,0.33004931099506063,0.33004931099506063
D_42_mean,0.3169264838859284,0.3169264838859284
B_8_last,0.3140773504196367,0.3140773504196367
D_53_last,0.3082388754599998,0.3082388754599998
R_8_mean,0.3011696810472981,0.3011696810472981
R_10_last,0.297719970871096,0.297719970871096
D_39_mean,0.29279132128041163,0.29279132128041163
D_47_last,-0.29163093941491347,0.29163093941491347
D_47_mean,-0.2906791855853259,0.2906791855853259
R_15_mean,0.28999484881373594,0.28999484881373594
D_43_last,0.28992439104016504,0.28992439104016504
R_27_last,-0.289671610877763,0.289671610877763
D_42_last,0.2878867243906162,0.2878867243906162
R_27_mean,-0.28598012733666806,0.28598012733666806
R_16_mean,0.28286475935509303,0.28286475935509303
S_25_last,-0.2823017232922319,0.2823017232922319
R_5_mean,0.280024393073671,0.280024393073671
D_41_mean,0.27943303097307276,0.27943303097307276
D_53_mean,0.27847968967080117,0.27847968967080117
D_45_mean,-0.2768999147756571,0.2768999147756571
D_51_mean,-0.2763043803762535,0.2763043803762535
D_54_last,-0.27243292140318986,0.27243292140318986
R_3_last,0.272235879877634,0.272235879877634
D_51_last,-0.2708228181945376,0.2708228181945376
D_84_last,0.2662499292893242,0.2662499292893242
B_28_last,0.26331069039307076,0.26331069039307076
D_45_last,-0.2625287580067592,0.2625287580067592
P_4_mean,0.26048082022421787,0.26048082022421787
D_81_last,0.25883033504321185,0.25883033504321185
D_84_mean,0.2579958862477373,0.2579958862477373
D_131_last,0.25669119918666505,0.25669119918666505
R_5_last,0.25589446765436413,0.25589446765436413
S_15_mean,0.25309853422854117,0.25309853422854117
D_131_mean,0.24971910493479563,0.24971910493479563
S_23_mean,0.24788746823483945,0.24788746823483945
D_112_mean,-0.24636896959212573,0.24636896959212573
D_120_mean,0.24308446365024686,0.24308446365024686
D_79_last,0.24177563183680498,0.24177563183680498
D_120_last,0.23961337835329927,0.23961337835329927
D_52_mean,-0.23959529376632432,0.23959529376632432
D_46_mean,0.23868299881038085,0.23868299881038085
D_72_last,0.238369156151575,0.238369156151575
D_79_mean,0.23692045436824247,0.23692045436824247
S_23_last,0.23666049384661503,0.23666049384661503
R_8_last,0.23350314718491358,0.23350314718491358
D_52_last,-0.2332563767909114,0.2332563767909114
R_24_mean,0.2315032504317044,0.2315032504317044
D_130_last,0.23009217835144247,0.23009217835144247
R_11_mean,0.2296206082022186,0.2296206082022186
B_28_mean,0.2201777045199401,0.2201777045199401
B_25_last,0.21997460445297048,0.21997460445297048
R_24_last,0.21819296109544944,0.21819296109544944
D_59_last,0.2169078053041001,0.2169078053041001
D_130_mean,0.21304159541914847,0.21304159541914847
D_59_mean,0.2126024778818986,0.2126024778818986
D_89_mean,0.2096633519249178,0.2096633519249178
S_15_last,0.20896048252219895,0.20896048252219895
D_81_mean,0.20673653390977112,0.20673653390977112
D_127_mean,-0.2067334501758662,0.2067334501758662
D_114_mean,-0.20657937672790921,0.20657937672790921
D_128_mean,-0.20598165290262557,0.20598165290262557
D_72_mean,0.2059131395466704,0.2059131395466704
R_21_mean,0.2049533991542354,0.2049533991542354
D_114_last,-0.20059749600393947,0.20059749600393947
D_128_last,-0.2005960803494732,0.2005960803494732
R_13_mean,0.20011081333387334,0.20011081333387334
R_15_last,0.19905779668307913,0.19905779668307913
D_68_last,-0.19434612998955433,0.19434612998955433
D_68_mean,-0.1921830885402815,0.1921830885402815
D_127_last,-0.19209276465195035,0.19209276465195035
D_115_mean,-0.19166576382929523,0.19166576382929523
S_8_last,-0.1912721474638031,0.1912721474638031
D_115_last,-0.19091867714443825,0.19091867714443825
B_25_mean,0.18906594181583425,0.18906594181583425
R_20_mean,0.1858024307991332,0.1858024307991332
D_118_mean,-0.1841189711495594,0.1841189711495594
S_8_mean,-0.18253527612627446,0.18253527612627446
D_119_mean,-0.18208994055113364,0.18208994055113364
D_118_last,-0.18134871026649174,0.18134871026649174
D_121_last,-0.18120559100284714,0.18120559100284714
D_119_last,-0.17977872499663775,0.17977872499663775
R_12_last,-0.17950564960363372,0.17950564960363372
S_20_mean,0.17775484767189817,0.17775484767189817
P_4_last,0.17759023435111257,0.17759023435111257
D_121_mean,-0.17739143152535297,0.17739143152535297
D_113_last,0.17728244764106135,0.17728244764106135
D_113_mean,0.17609324213534314,0.17609324213534314
R_17_mean,0.17580928181847827,0.17580928181847827
R_6_mean,0.17561172199635447,0.17561172199635447
D_122_mean,-0.17437524421939093,0.17437524421939093
D_54_mean,-0.1727875257747168,0.1727875257747168
D_89_last,0.1720948238603533,0.1720948238603533
D_122_last,-0.17161722427313522,0.17161722427313522
R_6_last,0.1715650759502363,0.1715650759502363
D_92_mean,-0.1672140840398056,0.1672140840398056
R_13_last,0.16647348413709329,0.16647348413709329
R_21_last,0.16226748061908614,0.16226748061908614
D_46_last,0.16140824928975006,0.16140824928975006
S_13_last,-0.1607079521684315,0.1607079521684315
D_92_last,-0.1570855020282926,0.1570855020282926
R_12_mean,-0.1557444125097359,0.1557444125097359
D_129_mean,-0.1550234014210527,0.1550234014210527
D_56_mean,-0.15234713032614924,0.15234713032614924
D_133_last,0.15148811372943907,0.15148811372943907
D_56_last,-0.1508169282808968,0.1508169282808968
D_66_mean,-0.14947339660643186,0.14947339660643186
R_20_last,0.1494321877681258,0.1494321877681258
D_133_mean,0.14910295528460155,0.14910295528460155
D_129_last,-0.14609482860818013,0.14609482860818013
B_24_last,0.1447912935603695,0.1447912935603695
B_24_mean,0.14448410838908046,0.14448410838908046
D_91_mean,-0.14265413448399458,0.14265413448399458
S_24_mean,0.13913959701271578,0.13913959701271578
R_26_mean,0.13751013210034602,0.13751013210034602
S_20_last,0.13677797754827228,0.13677797754827228
R_25_mean,0.13612101796248527,0.13612101796248527
B_32_last,0.13509221276769548,0.13509221276769548
R_26_last,0.1338449489259158,0.1338449489259158
S_22_mean,0.13375769794598483,0.13375769794598483
B_41_last,0.13289823479474358,0.13289823479474358
D_143_last,0.13276053383173508,0.13276053383173508
D_139_last,0.132741570856746,0.132741570856746
D_91_last,-0.13129960221437292,0.13129960221437292
D_141_last,0.1298450713433264,0.1298450713433264
B_31_mean,-0.12980123632630913,0.12980123632630913
B_32_mean,0.12959216143692348,0.12959216143692348
D_140_mean,0.12865169283950206,0.12865169283950206
D_103_mean,0.12862139744285703,0.12862139744285703
D_139_mean,0.1285452737127155,0.1285452737127155
D_143_mean,0.12847634162248778,0.12847634162248778
D_104_mean,0.12770704392803212,0.12770704392803212
R_22_mean,0.1271352960885768,0.1271352960885768
D_140_last,0.12696378587174348,0.12696378587174348
R_19_last,0.12587023461933053,0.12587023461933053
S_6_last,-0.12573655307533488,0.12573655307533488
D_103_last,0.12550886103009268,0.12550886103009268
D_141_mean,0.12550573164097925,0.12550573164097925
D_104_last,0.12497463644678036,0.12497463644678036
D_107_mean,0.12496714019604478,0.12496714019604478
D_117_mean,-0.1249504050802071,0.1249504050802071
D_107_last,0.12482293826468965,0.12482293826468965
B_21_mean,0.12468072786421082,0.12468072786421082
R_17_last,0.12410395501423799,0.12410395501423799
R_16_last,0.12404859524792482,0.12404859524792482
S_13_mean,-0.1229272207195275,0.1229272207195275
D_145_last,0.11961109186229213,0.11961109186229213
D_117_last,-0.11912334529169075,0.11912334529169075
D_76_mean,-0.118090304614388,0.118090304614388
R_7_mean,0.11771069255265584,0.11771069255265584
D_145_mean,0.11674927900008127,0.11674927900008127
D_123_mean,0.11650922057394841,0.11650922057394841
S_24_last,0.1137570253246414,0.1137570253246414
D_76_last,-0.11237718780825424,0.11237718780825424
S_22_last,0.11184508156447052,0.11184508156447052
D_125_mean,0.11115532259719012,0.11115532259719012
S_16_mean,0.11074137472975067,0.11074137472975067
B_41_mean,0.10719295102934456,0.10719295102934456
S_11_mean,-0.10647823146812253,0.10647823146812253
D_71_mean,-0.10635691103056728,0.10635691103056728
R_19_mean,0.10388567222112277,0.10388567222112277
B_31_last,-0.10343275225696745,0.10343275225696745
D_71_last,-0.1030913720664904,0.1030913720664904
observation_count,-0.10308460442586154,0.10308460442586154
B_5_mean,-0.10189152746073982,0.10189152746073982
D_65_last,0.10170846943640217,0.10170846943640217
B_14_last,0.10080996237344571,0.10080996237344571
B_6_last,-0.09949056028069786,0.09949056028069786
R_25_last,0.09063653165269077,0.09063653165269077
B_21_last,0.08877417939313229,0.08877417939313229
D_94_mean,-0.08664456500566031,0.08664456500566031
S_6_mean,-0.08625435369439191,0.08625435369439191
S_11_last,-0.0846995684993243,0.0846995684993243
B_5_last,-0.0842070673021626,0.0842070673021626
D_83_mean,0.08404089694166983,0.08404089694166983
D_83_last,0.08369880146053438,0.08369880146053438
R_11_last,0.08316073597576136,0.08316073597576136
S_16_last,0.08246885449646425,0.08246885449646425
D_60_mean,-0.08241113757877752,0.08241113757877752
S_9_mean,0.0805962867516668,0.0805962867516668
B_14_mean,0.08037116155430987,0.08037116155430987
D_50_last,-0.07998818890054997,0.07998818890054997
D_125_last,0.0793244287748139,0.0793244287748139
D_60_last,-0.07901126356925685,0.07901126356925685
R_7_last,0.07879327230737496,0.07879327230737496
D_96_mean,-0.07844238675417238,0.07844238675417238
S_27_last,-0.07649133083009524,0.07649133083009524
D_94_last,-0.07501186493757131,0.07501186493757131
D_50_mean,-0.07357810743622181,0.07357810743622181
D_86_mean,-0.07267717775509686,0.07267717775509686
B_6_mean,-0.07198248184055106,0.07198248184055106
R_22_last,0.06824497690882841,0.06824497690882841
D_96_last,-0.06653774254837751,0.06653774254837751
R_14_mean,0.06576081940197886,0.06576081940197886
D_123_last,0.06552239701980232,0.06552239701980232
D_86_last,-0.0638882782386607,0.0638882782386607
S_9_last,0.06256886753322062,0.06256886753322062
D_80_last,0.06110869790970162,0.06110869790970162
D_126_last,-0.060180446981058004,0.060180446981058004
D_116_last,0.059302472515220514,0.059302472515220514
R_14_last,0.058599437162017445,0.058599437162017445
D_80_mean,0.058504101304635056,0.058504101304635056
S_5_mean,0.05733869649770975,0.05733869649770975
D_142_mean,-0.0546319857246891,0.0546319857246891
B_12_mean,-0.05303733397082444,0.05303733397082444
D_65_mean,0.05272994556641409,0.05272994556641409
D_126_mean,-0.05191188695406233,0.05191188695406233
D_124_mean,0.05097215238172958,0.05097215238172958
B_12_last,-0.05053907836468033,0.05053907836468033
D_124_last,0.05053515822156812,0.05053515822156812
B_40_last,0.04977726878595107,0.04977726878595107
D_142_last,-0.04974098813512747,0.04974098813512747
S_5_last,0.04951352663101757,0.04951352663101757
B_36_last,0.048781245233444404,0.048781245233444404
B_13_mean,-0.04682521847068996,0.04682521847068996
B_36_mean,0.046800929244089164,0.046800929244089164
B_26_last,0.046712091238515024,0.046712091238515024
D_116_mean,0.04514399157948843,0.04514399157948843
B_13_last,-0.044311887835095945,0.044311887835095945
S_26_mean,-0.042721978190132716,0.042721978190132716
S_17_mean,0.04235426858825236,0.04235426858825236
R_28_mean,0.03942571941859344,0.03942571941859344
D_105_mean,-0.03881030087789445,0.03881030087789445
D_93_mean,-0.038111580047475696,0.038111580047475696
S_26_last,-0.0360674471261016,0.0360674471261016
S_17_last,0.035335963294614886,0.035335963294614886
D_93_last,-0.030698393838560562,0.030698393838560562
S_19_mean,0.029943612842799172,0.029943612842799172
B_10_last,-0.026804312688779194,0.026804312688779194
D_102_last,0.025996193158125774,0.025996193158125774
B_26_mean,0.023712365535994328,0.023712365535994328
B_10_mean,-0.023492242958786446,0.023492242958786446
R_28_last,0.022879428401919893,0.022879428401919893
D_82_mean,0.02205504879888289,0.02205504879888289
D_105_last,-0.02157182349488067,0.02157182349488067
D_109_mean,-0.02149404471310962,0.02149404471310962
S_18_mean,-0.02123008256697755,0.02123008256697755
D_109_last,-0.020205229390199607,0.020205229390199607
D_82_last,0.019863124494196586,0.019863124494196586
R_23_mean,0.019606719487182588,0.019606719487182588
B_27_last,0.018288395128878514,0.018288395128878514
D_102_mean,0.017180777200007533,0.017180777200007533
S_12_mean,0.015391844611296229,0.015391844611296229
B_40_mean,0.014468986550060884,0.014468986550060884
D_69_mean,0.013059457920127509,0.013059457920127509
R_18_last,0.012792648790228052,0.012792648790228052
D_69_last,0.012382590516769291,0.012382590516769291
B_15_last,0.009777130121309681,0.009777130121309681
S_18_last,-0.008971523089489244,0.008971523089489244
B_27_mean,0.007581673096323482,0.007581673096323482
R_23_last,0.006831381168590811,0.006831381168590811
S_27_mean,0.0054169852460759175,0.0054169852460759175
S_19_last,0.003915269178717748,0.003915269178717748
R_18_mean,0.003500322281583881,0.003500322281583881
D_144_mean,-0.0031893555272482464,0.0031893555272482464
D_144_last,0.0028442645489637564,0.0028442645489637564
S_12_last,-0.0011169363814112396,0.0011169363814112396
B_15_mean,0.0006505011417001325,0.0006505011417001325
