feature_1,feature_2,correlation,abs_correlation
D_62_last,D_77_last,0.9998149611160018,0.9998149611160018
D_103_mean,D_104_mean,0.999814104785761,0.999814104785761
D_103_last,D_104_last,0.9997458147527432,0.9997458147527432
D_139_mean,D_143_mean,0.999641663853846,0.999641663853846
D_139_last,D_143_last,0.999543695591627,0.999543695591627
D_139_mean,D_141_mean,0.9982836393034386,0.9982836393034386
D_139_last,D_141_last,0.9981215677136643,0.9981215677136643
D_141_mean,D_143_mean,0.9979043941642686,0.9979043941642686
D_141_last,D_143_last,0.9976986840385503,0.9976986840385503
D_118_mean,D_119_mean,0.9971191157850964,0.9971191157850964
D_118_last,D_119_last,0.9962913092812249,0.9962913092812249
D_124_mean,D_124_last,0.9961228131684083,0.9961228131684083
R_27_mean,R_27_last,0.9960942190435057,0.9960942190435057
B_1_mean,B_11_mean,0.9960822559298133,0.9960822559298133
B_1_mean,B_37_mean,0.99600830581884,0.99600830581884
B_1_last,B_11_last,0.9959621905071517,0.9959621905071517
D_121_mean,D_121_last,0.9953905314977026,0.9953905314977026
B_7_mean,B_23_mean,0.9951116244766297,0.9951116244766297
B_7_last,B_23_last,0.995096967192031,0.995096967192031
B_1_last,B_37_last,0.9927179856066505,0.9927179856066505
B_11_mean,B_37_mean,0.9914774800222133,0.9914774800222133
D_74_mean,D_75_mean,0.9894961111387387,0.9894961111387387
R_26_mean,R_26_last,0.9892746678110942,0.9892746678110942
D_74_last,D_75_last,0.988408886483782,0.988408886483782
B_11_last,B_37_last,0.9882422641473745,0.9882422641473745
D_42_mean,D_42_last,0.9873693936103293,0.9873693936103293
S_22_mean,S_24_mean,0.9872916598948748,0.9872916598948748
D_45_mean,D_45_last,0.9866380457919153,0.9866380457919153
S_22_last,S_24_last,0.9861013821300072,0.9861013821300072
D_47_mean,D_47_last,0.9858157913420469,0.9858157913420469
D_142_mean,D_142_last,0.9854500196961795,0.9854500196961795
D_145_mean,D_145_last,0.98422560144246,0.98422560144246
D_128_mean,D_128_last,0.9805220755621079,0.9805220755621079
D_76_mean,D_76_last,0.9791263319828137,0.9791263319828137
D_141_mean,D_141_last,0.9790963748099074,0.9790963748099074
D_143_mean,D_143_last,0.9790843424899006,0.9790843424899006
D_139_mean,D_139_last,0.9790724261848269,0.9790724261848269
D_143_mean,D_139_last,0.9789339597196023,0.9789339597196023
D_139_mean,D_143_last,0.978660861421424,0.978660861421424
D_139_mean,D_141_last,0.9785545313156054,0.9785545313156054
D_109_mean,D_109_last,0.9785289831650035,0.9785289831650035
D_143_mean,D_141_last,0.978402907499542,0.978402907499542
B_12_mean,B_12_last,0.9771136793423497,0.9771136793423497
D_141_mean,D_139_last,0.9762104661102823,0.9762104661102823
D_141_mean,D_143_last,0.9757846110762365,0.9757846110762365
D_119_mean,D_119_last,0.9649398269005025,0.9649398269005025
D_118_mean,D_118_last,0.964529828091258,0.964529828091258
D_130_mean,D_130_last,0.9642743746966366,0.9642743746966366
D_114_mean,D_114_last,0.9627427561206011,0.9627427561206011
D_119_mean,D_118_last,0.9624515997446611,0.9624515997446611
D_62_mean,D_77_mean,0.962060306996543,0.962060306996543
D_118_mean,D_119_last,0.961991186985551,0.961991186985551
D_115_mean,D_115_last,0.9590827675262976,0.9590827675262976
D_129_mean,D_129_last,0.9562746486978435,0.9562746486978435
B_30_mean,B_19_last,0.9557388289378134,0.9557388289378134
D_75_mean,D_75_last,0.9551459500301356,0.9551459500301356
D_82_mean,D_82_last,0.9543746971685074,0.9543746971685074
D_74_mean,D_74_last,0.9539255768457462,0.9539255768457462
B_12_mean,B_13_mean,0.9536089892334032,0.9536089892334032
P_2_mean,P_2_last,0.9529659897672234,0.9529659897672234
B_33_mean,B_16_last,-0.9529213053945689,0.9529213053945689
B_13_mean,B_12_last,0.9524563124888873,0.9524563124888873
D_59_mean,D_59_last,0.951002768057571,0.951002768057571
B_8_mean,B_8_last,0.9497514479327955,0.9497514479327955
D_56_mean,D_56_last,0.9479402103689241,0.9479402103689241
D_75_mean,D_74_last,0.9479190096484045,0.9479190096484045
B_2_mean,B_33_mean,0.9473790634205241,0.9473790634205241
D_69_mean,D_69_last,0.9471949849961953,0.9471949849961953
D_113_mean,D_113_last,0.9469042886083792,0.9469042886083792
B_28_mean,B_28_last,0.9450352257523938,0.9450352257523938
B_15_mean,B_15_last,0.9443863885843276,0.9443863885843276
D_107_mean,D_107_last,0.9442391469406127,0.9442391469406127
D_74_mean,D_75_last,0.9432633979115844,0.9432633979115844
D_58_mean,D_75_mean,0.9419104691012545,0.9419104691012545
D_122_mean,D_122_last,0.9407012034268046,0.9407012034268046
D_126_mean,D_126_last,0.9404160169034322,0.9404160169034322
D_55_mean,D_55_last,0.9403954181503543,0.9403954181503543
B_14_mean,B_14_last,0.9390259918662245,0.9390259918662245
D_52_mean,D_52_last,0.9379668336121242,0.9379668336121242
D_144_mean,D_144_last,0.9369503794153,0.9369503794153
B_16_mean,B_16_last,0.9355927266824785,0.9355927266824785
D_58_mean,D_74_mean,0.9353689993712269,0.9353689993712269
D_103_mean,D_104_last,0.9341926445082336,0.9341926445082336
B_13_mean,B_13_last,0.933231369535572,0.933231369535572
D_104_mean,D_104_last,0.9326760710988359,0.9326760710988359
D_103_mean,D_103_last,0.9325156993946239,0.9325156993946239
B_4_mean,B_4_last,0.931565777499993,0.931565777499993
D_104_mean,D_103_last,0.9306663097244632,0.9306663097244632
D_58_last,D_75_last,0.929555860732797,0.929555860732797
S_26_mean,S_26_last,0.9294758617712382,0.9294758617712382
D_58_mean,D_58_last,0.9274677443624035,0.9274677443624035
B_19_mean,B_19_last,0.9271943991123587,0.9271943991123587
D_48_mean,D_48_last,0.9258701202852564,0.9258701202852564
D_58_last,D_74_last,0.9254780962014528,0.9254780962014528
B_20_mean,B_20_last,0.9193497092042185,0.9193497092042185
B_2_last,B_33_last,0.9185064249333739,0.9185064249333739
D_48_mean,D_61_mean,0.9183082744863329,0.9183082744863329
B_16_mean,B_20_mean,0.9181034001530918,0.9181034001530918
D_44_mean,D_44_last,0.9165652629768787,0.9165652629768787
D_68_mean,D_68_last,0.9161537496475981,0.9161537496475981
D_48_mean,D_55_last,0.9160356881089095,0.9160356881089095
B_2_mean,B_16_last,-0.9145207993594522,0.9145207993594522
S_3_mean,S_7_mean,0.913533489051994,0.913533489051994
B_12_last,B_13_last,0.9129219708797722,0.9129219708797722
D_77_mean,D_77_last,0.9128231184565024,0.9128231184565024
B_18_mean,B_18_last,0.911728950401974,0.911728950401974
B_25_mean,B_25_last,0.9111337217138429,0.9111337217138429
B_14_last,B_15_last,0.9085553675712463,0.9085553675712463
S_3_last,S_7_last,0.908533621973311,0.908533621973311
D_79_mean,D_79_last,0.9083291649428742,0.9083291649428742
B_19_mean,B_30_mean,0.9081351473537085,0.9081351473537085
B_14_mean,B_15_mean,0.9068468046826622,0.9068468046826622
D_131_mean,D_131_last,0.9057024000483619,0.9057024000483619
B_23_mean,B_23_last,0.9039734736845542,0.9039734736845542
D_105_mean,D_105_last,0.9022975364990504,0.9022975364990504
B_3_mean,B_3_last,0.901801359071291,0.901801359071291
D_58_mean,D_75_last,0.9006262468826499,0.9006262468826499
B_7_mean,B_7_last,0.900384508120105,0.900384508120105
B_7_mean,B_23_last,0.9001749788879544,0.9001749788879544
