feature,missing_count,missing_pct
D_87,1204604,99.92791211416598
D_88,1204162,99.89124600882808
D_108,1199188,99.47862789129246
D_110,1198637,99.43291969210426
D_111,1198637,99.43291969210426
B_39,1198181,99.39509221691402
D_73,1192726,98.94257274945187
B_42,1189887,98.70706353439687
D_135,1163479,96.51638817294125
D_134,1163479,96.51638817294125
D_137,1163479,96.51638817294125
D_138,1163479,96.51638817294125
D_136,1163479,96.51638817294125
R_9,1137184,94.33508672529372
B_29,1122974,93.15629632517692
D_106,1087574,90.21968969856646
D_132,1087330,90.1994486811401
D_49,1086702,90.14735294776408
R_26,1071401,88.87805865415484
D_76,1069656,88.73330219756063
D_66,1068678,88.6521722178763
D_42,1034120,85.78541369238465
D_142,1001518,83.08091512626164
D_53,887811,73.64835214061203
D_82,882095,73.17418142090283
B_17,684544,56.78634029961683
D_50,684019,56.74278893015439
D_105,659165,54.68102562230759
D_56,651928,54.080680363641484
S_9,641108,53.183107377767904
D_77,548915,45.53523803519449
D_43,361881,30.019834537978042
S_27,307414,25.501525127481077
D_46,263615,21.868179544460972
S_7,223994,18.58141990737246
S_3,223994,18.58141990737246
D_62,164560,13.65107306426606
D_48,155756,12.920737337128246
D_61,129812,10.768553090778475
P_3,65453,5.429652924619631
D_44,59472,4.933499132705585
D_78,59472,4.933499132705585
D_64,46988,3.897889044383408
D_68,46775,3.880219631630074
D_83,42337,3.512065388440886
D_69,42337,3.512065388440886
D_55,40306,3.343583804863319
D_123,38456,3.190117074376614
D_122,38456,3.190117074376614
D_121,38456,3.190117074376614
D_120,38456,3.190117074376614
D_119,38456,3.190117074376614
D_117,38456,3.190117074376614
D_118,38456,3.190117074376614
D_114,38456,3.190117074376614
D_113,38456,3.190117074376614
D_116,38456,3.190117074376614
D_115,38456,3.190117074376614
D_125,38456,3.190117074376614
D_124,38456,3.190117074376614
D_91,34229,2.8394663339618558
R_27,28159,2.335929547986558
D_126,25261,2.0955259885538706
D_59,23269,1.9302796495649426
D_131,22323,1.851804229543092
D_129,22323,1.851804229543092
D_130,22323,1.851804229543092
D_141,22323,1.851804229543092
D_139,22323,1.851804229543092
D_104,22323,1.851804229543092
D_107,22323,1.851804229543092
D_145,22323,1.851804229543092
D_143,22323,1.851804229543092
D_128,22323,1.851804229543092
D_103,22323,1.851804229543092
D_70,20801,1.7255467355967324
D_79,16646,1.3808687544225378
B_13,10683,0.8862081523186334
P_2,10225,0.8482147671494923
D_133,9395,0.7793621259041057
D_144,8946,0.7421153356400351
D_102,8923,0.7402073708826328
D_140,8921,0.7400414609037282
D_84,6548,0.5431892709334842
D_89,6548,0.5431892709334842
D_52,6548,0.5431892709334842
D_81,5742,0.47632754943495204
D_72,5348,0.4436432835907565
B_8,4909,0.4072260432212086
D_80,4905,0.4068942232633995
D_74,4905,0.4068942232633995
S_22,4164,0.34542457607926513
S_24,4072,0.337792717049656
S_25,2613,0.2167613874387896
B_25,1637,0.13579731773337106
B_15,1637,0.13579731773337106
D_112,593,0.04919230874519795
B_2,460,0.03815929514804562
B_16,460,0.03815929514804562
D_41,460,0.03815929514804562
D_45,460,0.03815929514804562
B_3,460,0.03815929514804562
B_33,460,0.03815929514804562
B_30,460,0.03815929514804562
B_38,460,0.03815929514804562
B_27,460,0.03815929514804562
B_26,460,0.03815929514804562
B_22,460,0.03815929514804562
B_20,460,0.03815929514804562
B_19,460,0.03815929514804562
D_54,460,0.03815929514804562
D_109,347,0.028785381339938763
B_41,152,0.012609158396745508
S_26,133,0.01103301359715232
S_23,89,0.007382994061252305
B_6,44,0.003650019535900016
R_12,19,0.0015761447995931886
R_20,14,0.0011613698523318232
B_37,12,0.000995459873427277
B_40,11,0.000912504883975004
R_3,0,0.0
R_2,0,0.0
D_51,0,0.0
B_7,0,0.0
D_39,0,0.0
B_1,0,0.0
B_18,0,0.0
D_65,0,0.0
S_11,0,0.0
D_63,0,0.0
D_60,0,0.0
B_14,0,0.0
R_5,0,0.0
B_10,0,0.0
R_4,0,0.0
S_6,0,0.0
S_5,0,0.0
B_11,0,0.0
B_12,0,0.0
S_8,0,0.0
D_58,0,0.0
B_9,0,0.0
B_4,0,0.0
D_47,0,0.0
B_5,0,0.0
R_1,0,0.0
S_2,0,0.0
customer_ID,0,0.0
R_23,0,0.0
D_92,0,0.0
D_93,0,0.0
P_4,0,0.0
B_24,0,0.0
R_7,0,0.0
S_16,0,0.0
R_8,0,0.0
R_11,0,0.0
R_10,0,0.0
B_23,0,0.0
S_15,0,0.0
D_75,0,0.0
R_22,0,0.0
R_21,0,0.0
R_19,0,0.0
B_32,0,0.0
S_20,0,0.0
R_18,0,0.0
B_31,0,0.0
S_19,0,0.0
B_28,0,0.0
R_16,0,0.0
S_18,0,0.0
D_86,0,0.0
R_17,0,0.0
S_17,0,0.0
R_13,0,0.0
R_14,0,0.0
R_15,0,0.0
D_71,0,0.0
R_6,0,0.0
S_12,0,0.0
B_21,0,0.0
S_13,0,0.0
D_94,0,0.0
R_25,0,0.0
D_96,0,0.0
B_36,0,0.0
R_24,0,0.0
D_127,0,0.0
R_28,0,0.0
